UPA;UT;Faixa;Especie;DAP;Hc;Qf;Volume;MICRO
6;5;1;Angelim vermelho;108.225;18;1;11.590936;APP
6;5;1;Abiu;89.763;20;2;8.859646;APP
6;5;1;Angelim vermelho;111.408;16;1;10.918029;AEE
6;5;1;Abiu vermelho;56.341;20;2;3.490316;APP
6;5;1;Sucupira Amarela;55.386;19;1;3.204352;APP
6;5;1;Louro Preto;49.02;18;2;2.377947;APP
6;5;1;Sucupira Amarela;60.479;18;1;3.619661;APP
6;5;1;Cajuacu;47.11;19;1;2.318276;APP
6;5;1;Melancieiro;52.203;15;2;2.247331;APP
6;5;1;Sapucaia;101.859;14;2;7.985758;APP
6;5;1;Andiroba;45.2;17;2;1.909474;APP
6;5;1;Melancieiro;77.986;15;2;5.01547;AEE
6;5;1;Cumaru;108.225;12;2;7.727291;AEE
6;5;1;Cumaru;57.296;10;2;1.804817;AEE
6;5;1;Piquia;56.341;10;1;1.745158;AEE
6;5;1;Matamat  branco;60.479;15;2;3.016384;AEE
6;5;1;Abiu rosadinho;68.118;13;1;3.31634;AEE
6;5;1;Fava vicki;49.338;15;1;2.007441;AEE
6;5;1;Abiu vermelho;70.028;16;2;4.313736;AEE
6;5;1;Jatoba;61.434;18;1;3.734868;AEE
6;5;1;Maparajuba;65.89;19;1;4.535054;AEE
6;5;1;Piquia;89.127;17;1;7.42426;AEE
6;5;1;Abiu rosadinho;51.566;13;2;1.900472;AEE
6;5;1;Jatoba;66.845;17;2;4.176146;AEE
6;5;1;Abiu vermelho;46.155;14;2;1.639654;AEE
6;5;1;Matamat  preto;68.437;15;1;3.862392;AEE
6;5;1;Louro Preto;50.93;15;2;2.139042;AEE
6;5;1;Melancieiro;81.487;20;2;7.301265;AEE
6;5;1;Abiu vermelho;49.656;18;1;2.440113;AEE
6;5;1;Angelim amargoso;70.028;22;1;5.931386;AEE
6;5;1;Piquiarana;70.028;14;1;3.774519;AEE
6;5;1;Maparajuba;45.2;18;1;2.021796;AEE
6;5;2;Melancieiro;120.958;20;1;16.087382;AEE
6;5;2;Breu vermelho;76.394;20;2;6.417127;AEE
6;5;2;Abiu;49.338;17;1;2.2751;AEE
6;5;2;Cumaru;47.11;20;1;2.440291;AEE
6;5;2;AmarelÆo, garapa;52.521;10;1;1.516548;AEE
6;5;2;Cumaru;85.625;20;1;8.061628;AEE
6;5;2;Lacre do Mato;45.837;14;1;1.617116;AEE
6;5;2;Acapu;49.338;14;1;1.873612;AEE
6;5;2;Melancieiro;45.518;12;2;1.366915;AEE
6;5;2;Cupi£ba;45.2;13;2;1.460186;AEE
6;5;2;Cupi£ba;45.837;15;1;1.732624;AEE
6;5;2;Melancieiro;50.93;13;2;1.853837;APP
6;5;2;Amoero;57.296;10;2;1.804817;APP
6;5;2;Cumaru;101.859;13;2;7.415347;AEE
6;5;2;Maparajuba;45.518;18;1;2.050372;APP
6;5;2;Timborana;45.518;8;1;0.911277;APP
6;5;2;Abiu rosadinho;56.341;14;1;2.443221;APP
6;5;2;Abiu vermelho;58.887;16;1;3.050364;APP
6;5;2;Matamat  branco;54.113;15;1;2.414778;APP
6;5;2;Maparajuba;68.437;14;2;3.604899;APP
6;5;2;Cajuacu;56.977;19;2;3.391157;APP
6;5;2;Abiu vermelho;82.761;20;1;7.531212;AEE
6;5;2;Muiracatiara;54.113;22;1;3.541675;APP
6;5;2;Abiu vermelho;48.701;17;1;2.216767;APP
6;5;2;Abiu vermelho;46.155;14;1;1.639654;APP
6;5;2;Maparajuba;45.2;20;1;2.24644;AEE
6;5;2;Abiu vermelho;76.394;20;1;6.417127;AEE
6;5;2;Abiu vermelho;60.479;20;2;4.021845;AEE
6;5;2;Copaiba;46.792;22;1;2.648168;AEE
6;5;2;Ma‡aranduba;85.944;16;2;6.497341;AEE
6;5;2;Matamat  branco;45.2;15;1;1.68483;AEE
6;5;3;Abiu;50.93;14;2;1.99644;AEE
6;5;3;Muiracatiara;45.2;19;2;2.134118;AEE
6;5;3;Acapu;51.566;14;1;2.046663;AEE
6;5;3;Cumaru;49.02;14;2;1.849514;AEE
6;5;3;Angelim amargoso;46.155;18;1;2.108127;AEE
6;5;3;Acapu;61.115;15;2;3.080221;AEE
6;5;3;Acapu;36.924;11;1;0.824512;AEE
6;5;3;Maparajuba;65.254;13;1;3.043261;AEE
6;5;3;Maparajuba;50.93;18;1;2.566851;AEE
6;5;3;Maparajuba;47.746;13;2;1.629349;AEE
6;5;3;Matamata vermelho;45.2;15;1;1.68483;AEE
6;5;3;Abiu vermelho;114.592;20;1;14.438536;AEE
6;5;3;Piquia;82.761;13;2;4.895288;AEE
6;5;3;Maparajuba;45.2;16;1;1.797152;APP
6;5;3;Maparajuba;68.755;16;2;4.158298;AEE
6;5;3;Matamata vermelho;54.113;20;2;3.219705;AEE
6;5;3;Acapu;60.479;9;2;1.80983;APP
6;5;3;Cumaru;66.845;6;2;1.473934;APP
6;5;3;Cumaru;69.392;10;3;2.647288;APP
6;5;3;Cumaru;66.845;8;2;1.965245;APP
6;5;3;Timborana;63.662;17;1;3.787888;APP
6;5;3;Cumaru;60.479;10;2;2.010923;APP
6;5;3;Cumaru;63.662;11;1;2.450986;APP
6;5;3;Cumaru;45.2;8;1;0.898576;APP
6;5;3;Matamat  branco;50.611;14;1;1.971562;APP
6;5;3;Acapu;38.197;12;1;0.962569;APP
6;5;3;Abiu vermelho;52.839;18;1;2.762974;AEE
6;5;3;Cumaru;57.296;11;2;1.985299;APP
6;5;3;Acapu;53.794;15;1;2.386453;APP
6;5;3;Angelim vermelho;127.324;20;1;17.825353;AEE
6;5;3;Cumaru;45.837;14;1;1.617116;APP
6;5;3;Acapu;45.518;12;1;1.366915;AEE
6;5;3;Timborana;58.569;15;1;2.828884;APP
6;5;3;Tachi Branco;61.752;12;2;2.515781;APP
6;5;3;Matamat  preto;45.2;16;1;1.797152;AEE
6;5;3;Angelim vermelho;66.845;23;2;5.65008;AEE
6;5;4;Matamata vermelho;47.746;14;1;1.754683;AEE
6;5;4;Piquiarana;52.203;14;2;2.097509;AEE
6;5;4;Matamat  branco;73.211;13;1;3.83078;AEE
6;5;4;Tachi Preto;74.803;20;1;6.152532;AEE
6;5;4;Breu sucuruba;130.507;23;1;21.536926;AEE
6;5;4;Tanimbuca;55.704;14;2;2.388319;AEE
6;5;4;Maparajuba;47.11;13;1;1.586189;AEE
6;5;4;Tauari;127.324;25;2;22.281692;AEE
6;5;4;Cajuacu;55.704;23;2;3.923667;AEE
6;5;4;Saboeiro;63.344;18;2;3.970698;AEE
6;5;4;Fava vicki;63.025;15;1;3.275743;AEE
6;5;4;Sucupira Preta;42.654;10;2;1.000225;AEE
6;5;4;Fava branca;92.31;25;2;11.711814;AEE
6;5;4;Abiu vermelho;60.479;17;1;3.418569;AEE
6;5;4;Amapa doce;46.473;15;1;1.781087;AEE
6;5;4;Cumaru;55.704;15;2;2.558913;AEE
6;5;4;Maparajuba;55.704;13;1;2.217725;AEE
6;5;4;Angelim vermelho;143.239;18;2;20.304192;AEE
6;5;4;Matamata vermelho;48.701;17;1;2.216767;AEE
6;5;4;Tachi Preto;66.845;16;2;3.93049;AEE
6;5;4;Angelim amargoso;70.028;20;1;5.392169;AEE
6;5;4;Abiu;54.113;15;2;2.414778;AEE
6;5;4;Cedro;165.521;18;2;27.112363;AEE
6;5;4;Melancieiro;55.068;13;2;2.167323;AEE
6;5;4;Fava branca;68.437;15;2;3.862392;AEE
6;5;4;Sucupira Amarela;53.158;13;1;2.019596;AEE
6;5;4;Cajuacu;77.031;15;1;4.893394;APP
6;5;4;Cumaru;57.296;11;2;1.985299;AEE
6;5;4;Acapu;52.839;14;1;2.14898;APP
6;5;4;Melancieiro;46.792;13;2;1.564827;APP
6;5;4;Abiu vermelho;54.113;15;2;2.414778;APP
6;5;4;Melancieiro;60.479;15;2;3.016384;APP
6;5;4;Cumaru;63.662;6;2;1.336902;APP
6;5;4;Acapu;50.93;12;2;1.711234;APP
6;5;4;Abiu rosadinho;47.746;15;1;1.880018;APP
6;5;4;Tauari;66.845;20;1;4.913113;APP
6;5;4;Melancieiro;136.873;10;1;10.299712;APP
6;5;4;Acapu;37.879;10;2;0.788828;APP
6;5;4;Fava branca;69.392;16;2;4.235661;AEE
6;5;4;Abiu vermelho;53.476;13;2;2.043855;APP
6;5;4;Angelim pedra;114.592;22;1;15.88239;APP
6;5;4;Acapu;49.656;15;1;2.033427;AEE
6;5;4;Fava escorrega macaco;82.761;12;2;4.518727;AEE
6;5;4;Melancieiro;89.445;14;2;6.157846;AEE
6;5;4;Matamat  preto;52.839;14;1;2.14898;AEE
6;5;4;Ma‡aranduba;69.073;17;1;4.459196;AEE
6;5;4;Acapu;47.746;15;1;1.880018;AEE
6;5;4;Matamat  branco;51.566;15;1;2.192853;AEE
6;5;4;Fava branca;47.11;12;1;1.464175;AEE
6;5;4;Ita£ba;45.2;10;2;1.12322;AEE
6;5;4;Melancieiro;61.115;13;1;2.669525;AEE
6;5;4;Fava branca;58.251;14;2;2.611671;AEE
6;5;4;Fava branca;88.49;17;1;7.318578;AEE
6;5;4;Matamat  branco;55.704;13;2;2.217725;AEE
6;5;4;Abiu vermelho;73.211;14;2;4.125455;AEE
6;5;4;Maparajuba;76.394;13;1;4.171133;AEE
6;5;4;Fava escorrega macaco;51.248;16;2;2.310255;AEE
6;5;4;Matamat  branco;47.746;14;1;1.754683;AEE
6;5;4;Louro Preto;54.749;13;2;2.14234;AEE
6;5;4;Tachi Preto;57.296;15;2;2.707226;AEE
6;5;4;Matamata vermelho;45.2;16;1;1.797152;AEE
6;5;4;Acapu;45.518;16;2;1.822553;AEE
6;5;4;Melancieiro;91.992;18;2;8.374451;AEE
6;5;4;Acapu;35.014;13;1;0.876228;AEE
6;5;4;Fava Bolota;91.355;16;1;7.341283;AEE
6;5;4;Acapu;54.113;15;1;2.414778;AEE
6;5;4;Maparajuba;56.977;13;1;2.320265;AEE
6;5;4;Acapu;39.789;13;1;1.131492;AEE
6;5;4;Cupi£ba;60.479;15;2;3.016384;AEE
6;5;4;Acapu;62.07;12;2;2.541784;AEE
6;5;4;Virola casca de vidro;57.296;15;2;2.707226;AEE
6;5;4;Cumaru;46.155;6;2;0.702709;AEE
6;5;4;Acapu;51.248;13;1;1.877082;AEE
6;5;4;Acapu;45.2;13;1;1.460186;AEE
6;5;4;Melancieiro;56.977;15;1;2.677229;AEE
6;5;4;Maparajuba;59.206;15;1;2.890715;AEE
6;5;4;Abiu rosadinho;50.93;16;1;2.281645;AEE
6;5;4;Fava orelha de macaco;64.935;13;1;3.013643;AEE
6;5;4;Maparajuba;56.659;16;1;2.823893;AEE
6;5;4;Abiu rosadinho;45.518;20;2;2.278192;AEE
6;5;4;Abiu vermelho;47.11;17;1;2.074247;AEE
6;5;4;Maparajuba;58.251;18;1;3.357862;AEE
6;5;4;Matamat  branco;49.338;10;1;1.338294;AEE
6;5;4;Maparajuba;53.476;13;1;2.043855;AEE
6;5;4;Acapu;55.068;17;1;2.834192;APP
6;5;4;Tachi Preto;47.746;15;2;1.880018;AEE
6;5;4;Morotot¢;70.028;18;2;4.852953;AEE
6;5;4;Maparajuba;56.341;18;1;3.141284;AEE
6;5;4;Acapu;37.242;13;2;0.991296;AEE
6;5;4;Acapu;36.606;6;2;0.442013;AEE
6;5;4;Abiu vermelho;58.569;17;1;3.206068;APP
6;5;4;Abiu;50.93;16;1;2.281645;APP
6;5;4;Maparajuba;67.8;12;1;3.032694;AEE
6;5;4;Acapu;38.197;19;1;1.524068;APP
6;5;4;Matamat  preto;45.2;13;1;1.460186;APP
6;5;4;Ma‡aranduba;67.163;15;1;3.720012;AEE
6;5;4;Acapu;43.29;13;1;1.339397;AEE
6;5;4;Seringa;45.2;20;1;2.24644;AEE
6;5;4;Maparajuba;45.2;22;1;2.471084;AEE
6;5;4;Acapu;47.11;12;1;1.464175;APP
6;5;4;Abiu;114.592;22;1;15.88239;APP
6;5;4;Melancieiro;55.704;19;1;3.24129;APP
6;5;4;Cupi£ba;48.383;15;2;1.930486;APP
6;5;4;Abiu vermelho;58.569;18;1;3.39466;AEE
6;5;4;Amapa doce;102.177;20;2;11.479639;AEE
6;5;4;Maparajuba;76.076;18;1;5.727386;AEE
6;5;4;Abiu rosadinho;57.296;17;2;3.068189;APP
6;5;4;Abiu vermelho;62.707;16;2;3.458921;AEE
6;5;4;Maparajuba;54.749;19;1;3.131112;AEE
6;5;4;Acapu;51.566;17;1;2.485233;APP
6;5;4;Tachi Branco;47.746;15;2;1.880018;APP
6;5;4;Inhar‚;46.792;10;1;1.203713;APP
6;5;4;Acapu;55.068;18;1;3.000909;APP
6;5;4;Maparajuba;56.659;18;1;3.176879;APP
6;5;4;Jutai Pororoca;54.749;16;2;2.636726;APP
6;5;4;Acapu;38.197;12;1;0.962569;APP
6;5;4;Jatoba;66.845;20;1;4.913113;APP
6;5;4;Acapu;54.113;19;1;3.058719;APP
6;5;4;Piquia;126.369;17;2;14.92513;APP
6;5;4;Angelim pedra;46.155;19;1;2.225245;APP
6;5;4;Tachi Preto;66.845;17;2;4.176146;APP
6;5;4;Acapu;51.248;18;1;2.599037;APP
6;5;4;Acapu;42.972;19;1;1.928898;APP
6;5;4;Matamat  preto;45.2;16;1;1.797152;APP
6;5;4;Acapu;70.028;17;1;4.583344;APP
6;5;4;Cupi£ba;47.746;13;1;1.629349;APP
6;5;4;Seringarana;49.975;18;1;2.471496;APP
6;5;4;Inhar‚;55.386;13;2;2.192452;APP
6;5;4;Cajuacu;50.293;19;2;2.642141;APP
6;5;4;Jatoba;63.662;15;2;3.342254;APP
6;5;4;Sucupira Amarela;49.02;18;1;2.377947;APP
6;5;4;Maparajuba;47.428;15;2;1.855034;AEE
6;5;4;Abiu vermelho;62.07;19;1;4.024491;AEE
6;5;4;Cajuacu;47.11;20;1;2.440291;AEE
6;5;4;Abiu vermelho;57.296;17;2;3.068189;AEE
6;5;4;Acapu;41.38;14;1;1.317962;AEE
6;5;4;Acapu;35.014;14;2;0.94363;AEE
6;5;4;Matamat  jiboia;45.837;19;1;2.194658;APP
6;5;4;Jatoba;55.386;21;2;3.541653;APP
6;5;5;Tauari;101.859;24;1;13.689872;AEE
6;5;5;Acapu;37.242;15;2;1.143803;AEE
6;5;5;Acapu;44.882;15;2;1.661184;AEE
6;5;5;Abiu;50.93;21;1;2.994659;AEE
6;5;5;Abiu vermelho;49.975;14;2;1.922275;AEE
6;5;5;Abiu;70.028;14;2;3.774519;AEE
6;5;5;Cupi£ba;62.707;16;1;3.458921;AEE
6;5;5;Acapu;47.428;12;1;1.484028;AEE
6;5;5;Louro Preto;52.521;15;2;2.274821;AEE
6;5;5;Andiroba;50.93;14;2;1.99644;AEE
6;5;5;Acapu;49.338;12;2;1.605953;AEE
6;5;5;Maparajuba;52.521;18;1;2.729786;AEE
6;5;5;Melancieiro;117.775;18;2;13.726636;AEE
6;5;5;Fava escorrega macaco;57.296;10;1;1.804817;AEE
6;5;5;Andiroba;45.2;14;1;1.572508;AEE
6;5;5;Fava Bolota;79.259;22;2;7.59818;AEE
6;5;5;Timborana;47.746;10;2;1.253345;APP
6;5;5;Tachi vermelho;56.659;15;2;2.647399;AEE
6;5;5;Amapa doce;89.763;18;1;7.973682;AEE
6;5;5;Abiu rosadinho;54.113;13;1;2.092808;AEE
6;5;5;Fava orelha de macaco;98.676;23;2;12.312306;AEE
6;5;5;Acapu;37.561;10;1;0.775626;AEE
6;5;5;Muiracatiara;63.662;18;1;4.010705;APP
6;5;5;Seringarana;69.073;16;2;4.19689;APP
6;5;5;Fava branca;45.2;16;3;1.797152;APP
6;5;5;Louro Preto;98.676;22;1;11.776988;APP
6;5;5;Seringarana;51.885;18;1;2.66401;APP
6;5;5;Matamat  branco;57.296;14;2;2.526744;AEE
6;5;5;Abiu vermelho;56.341;10;2;1.745158;AEE
6;5;5;Tanimbuca;108.225;10;2;6.439409;AEE
6;5;5;Maparajuba;51.566;16;2;2.339043;AEE
6;5;5;Tachi Branco;47.746;14;2;1.754683;AEE
6;5;5;Ananin;50.93;21;1;2.994659;APP
6;5;5;Acapu;50.93;20;1;2.852057;APP
6;5;5;Matamat  branco;57.296;15;1;2.707226;APP
6;5;5;Matamata vermelho;54.431;20;1;3.257695;APP
6;5;5;Muiracatiara;52.839;22;1;3.376969;APP
6;5;5;Cupi£ba;120.958;18;2;14.478644;APP
6;5;5;Coco pau;68.437;15;1;3.862392;APP
6;5;5;Abiu vermelho;53.794;18;1;2.863743;APP
6;5;5;Melancieiro;81.806;15;3;5.518813;AEE
6;5;5;Fava branca;52.521;13;2;1.971512;APP
6;5;5;Maparajuba;51.885;14;1;2.072008;APP
6;5;5;Maparajuba;58.251;16;2;2.984766;APP
6;5;5;Breu vermelho;49.975;15;2;2.05958;APP
6;5;5;Abiu vermelho;56.659;14;2;2.470906;APP
6;5;5;Acapu;37.879;16;1;1.262124;APP
6;5;5;Matamat  preto;46.473;14;1;1.662348;APP
6;5;5;Acapu;35.332;9;2;0.617699;APP
6;5;5;Jutai Pororoca;47.746;14;2;1.754683;APP
6;5;5;Seringarana;51.248;12;2;1.732691;APP
6;5;5;Acapu;48.383;13;2;1.673088;APP
6;5;5;Fava branca;49.338;18;2;2.408929;APP
6;5;5;Abiu rosadinho;48.065;14;1;1.778157;APP
6;5;5;Abiu vermelho;47.746;15;1;1.880018;APP
6;5;5;Fava branca;49.338;13;1;1.739782;APP
6;5;5;Marupa;55.386;8;2;1.349201;APP
6;5;5;Abiu rosadinho;50.611;15;2;2.112388;APP
6;5;5;Melancieiro;44.563;16;2;1.746885;APP
6;5;5;Acapu;35.014;15;1;1.011032;APP
6;5;5;Maparajuba;45.2;13;1;1.460186;APP
6;5;5;Maparajuba;63.662;18;2;4.010705;AEE
6;5;5;Maparajuba;47.746;14;1;1.754683;APP
6;5;5;Abiu vermelho;50.93;8;2;1.140823;APP
6;5;5;Fava branca;58.887;20;2;3.812955;APP
6;5;5;Cumaru;66.845;10;3;2.456557;APP
6;5;5;Acapu;66.845;13;1;3.193524;APP
6;5;5;Melancieiro;114.592;20;2;14.438536;APP
6;5;5;Cumaru;47.746;14;2;1.754683;APP
6;5;5;Matamat  branco;54.113;15;2;2.414778;AEE
6;5;5;Abiu vermelho;73.848;20;1;5.996449;AEE
6;5;5;Maparajuba;70.983;12;1;3.324139;AEE
6;5;5;Tachi Preto;68.118;17;1;4.336753;AEE
6;5;5;Fava branca;67.163;9;2;2.232007;AEE
6;5;5;Jatoba;51.248;15;2;2.165864;APP
6;5;5;Matamat  branco;50.93;14;1;1.99644;APP
6;5;5;Cumaru;57.296;7;2;1.263372;APP
6;5;5;Cupi£ba;70.028;14;2;3.774519;APP
6;5;5;Cumaru;92.31;10;3;4.684726;APP
6;5;5;Acapu;52.839;15;2;2.302479;APP
6;5;5;Melancieiro;66.845;20;2;4.913113;APP
6;5;5;Cupi£ba;76.394;13;3;4.171133;APP
6;5;5;Amapa amargoso;57.296;15;2;2.707226;APP
6;5;5;Timborana;59.842;14;2;2.756334;APP
6;5;5;Matamata vermelho;49.338;15;2;2.007441;APP
6;5;5;Acapu;47.746;13;2;1.629349;APP
6;5;5;Ucuuba da varzea;54.113;25;3;4.024631;APP
6;5;5;Fava branca;57.296;22;1;3.970598;APP
6;5;5;Melancieiro;66.845;16;2;3.93049;APP
6;5;5;Cupi£ba;56.341;12;2;2.094189;AEE
6;5;5;Cedrorana;146.423;19;2;22.395329;AEE
6;5;5;Cumaru;54.113;10;3;1.609852;APP
6;5;5;Acapu;50.93;13;1;1.853837;APP
6;5;5;Cupi£ba;76.394;10;2;3.208564;APP
6;5;5;Cumaru;46.792;10;2;1.203713;APP
6;5;5;Cumaru;62.389;10;2;2.139934;APP
6;5;5;Cedrorana;45.2;18;2;2.021796;APP
6;5;5;Araracanga;46.473;20;1;2.374783;APP
6;5;5;Acapu;43.29;9;2;0.927275;APP
6;5;5;Abiu vermelho;54.431;16;1;2.606156;APP
6;5;5;Abiu vermelho;51.885;13;2;1.924007;APP
6;5;5;Cumaru;101.859;10;2;5.704113;AEE
6;5;5;Melancieiro;65.254;15;2;3.511455;AEE
6;5;5;Cumaru;66.845;15;1;3.684835;AEE
6;5;5;Cajuacu;57.932;18;2;3.321264;APP
6;5;5;Acapu;37.879;12;2;0.946593;AEE
6;5;5;Sucupira Amarela;58.887;14;2;2.669068;AEE
6;5;5;Cedrorana;57.932;15;1;2.76772;APP
6;5;5;Abiu vermelho;54.113;18;1;2.897734;AEE
6;5;5;Abiu rosadinho;49.02;15;1;1.981622;AEE
6;5;5;Cumaru;108.225;10;2;6.439409;AEE
6;5;5;Jatoba;61.752;20;1;4.192969;AEE
6;5;5;Melancieiro;101.859;20;2;11.408226;AEE
6;5;5;Ita£ba;50.93;22;1;3.137262;AEE
6;5;5;Cumaru;57.296;18;2;3.248671;AEE
6;5;5;Jatoba;45.2;18;1;2.021796;AEE
6;5;5;Cumaru;47.746;10;2;1.253345;AEE
6;5;5;Cumaru;47.746;15;2;1.880018;AEE
6;5;5;Angelim pedra;140.056;20;2;21.568678;AEE
6;5;5;Melancieiro;51.885;20;1;2.960011;AEE
6;5;5;Cajuacu;45.2;20;1;2.24644;AEE
6;5;5;Cumaru;60.161;13;2;2.586754;AEE
6;5;5;Maparajuba;59.842;20;1;3.937621;AEE
6;5;5;Cumaru;66.845;10;4;2.456557;AEE
6;5;5;Abiu rosadinho;47.746;19;1;2.381356;AEE
6;5;5;Timborana;57.296;13;1;2.346262;AEE
6;5;5;Cumaru;49.656;12;2;1.626742;AEE
6;5;5;Melancieiro;58.251;19;2;3.54441;AEE
6;5;5;Angelim amargoso;92.31;20;2;9.369452;AEE
6;5;5;Ita£ba;46.155;14;1;1.639654;AEE
6;5;5;Jatoba;56.977;19;2;3.391157;AEE
6;5;5;Abiu vermelho;48.065;15;2;1.905168;AEE
6;5;5;Timborana;45.2;20;2;2.24644;AEE
6;5;5;Ma‡aranduba;68.437;18;1;4.634871;AEE
6;5;5;Fava vicki;45.2;13;2;1.460186;AEE
6;5;5;Acapu;44.563;15;1;1.637704;AEE
6;5;5;Abiu vermelho;53.794;15;2;2.386453;AEE
6;5;5;Fava vicki;46.473;15;2;1.781087;AEE
6;5;5;Marupa;56.659;14;1;2.470906;AEE
6;5;5;Jatoba;49.338;15;1;2.007441;AEE
6;5;5;Acapu;48.065;14;2;1.778157;AEE
6;5;5;Fava escorrega macaco;89.127;12;1;5.240654;AEE
6;5;5;Timborana;53.476;12;2;1.886635;AEE
6;5;6;Abiu vermelho;53.476;14;2;2.201075;AEE
6;5;6;Marupa;77.031;19;1;6.198299;AEE
6;5;6;Acapu;42.654;12;1;1.20027;AEE
6;5;6;Amapa doce;59.524;20;1;3.895842;AEE
6;5;6;Muiracatiara;70.028;27;1;7.279429;AEE
6;5;6;Abiu vermelho;45.2;14;1;1.572508;AEE
6;5;6;Acapu;37.561;11;1;0.853188;AEE
6;5;6;Abiu vermelho;46.155;14;1;1.639654;AEE
6;5;6;Jatoba;51.566;19;2;2.777613;AEE
6;5;6;Abiu vermelho;47.746;10;2;1.253345;AEE
6;5;6;Acapu;46.473;11;1;1.30613;AEE
6;5;6;Fava vicki;63.662;18;2;4.010705;AEE
6;5;6;Acapu;49.656;16;1;2.168989;AEE
6;5;6;Abiu vermelho;47.746;10;2;1.253345;AEE
6;5;6;AmarelÆo, garapa;45.2;25;1;2.80805;AEE
6;5;6;Abiu vermelho;54.113;20;2;3.219705;AEE
6;5;6;Angelim vermelho;114.592;21;2;15.160463;AEE
6;5;6;Abiu vermelho;50.93;15;3;2.139042;AEE
6;5;6;Abiu vermelho;59.524;18;1;3.506258;APP
6;5;6;Abiu;47.428;16;2;1.978703;APP
6;5;6;Acapu;36.287;11;2;0.796325;AEE
6;5;6;Cumaru;54.113;6;3;0.965911;AEE
6;5;6;Melancieiro;53.476;14;2;2.201075;AEE
6;5;6;Fava Bolota;123.186;15;2;12.51415;AEE
6;5;6;Abiu vermelho;48.065;14;1;1.778157;APP
6;5;6;Muiracatiara;63.025;26;1;5.677954;APP
6;5;6;Cumaru;49.656;8;1;1.084495;APP
6;5;6;Acapu;48.383;14;2;1.801787;APP
6;5;6;Ma‡aranduba;61.434;16;3;3.319883;AEE
6;5;6;Cajuacu;105.042;9;1;5.459572;APP
6;5;6;Cajuacu;44.563;10;2;1.091803;APP
6;5;6;Cupi£ba;60.479;11;1;2.212015;APP
6;5;6;Cedrorana;146.423;17;3;20.037926;APP
6;5;6;Cumaru;58.887;8;2;1.525182;APP
6;5;6;Cumaru;55.704;9;2;1.535348;APP
6;5;6;Cedrorana;162.02;15;1;21.647861;APP
6;5;6;Cumaru;60.479;9;4;1.80983;APP
6;5;6;Cumaru;66.845;6;2;1.473934;APP
6;5;6;Acapu;49.02;10;3;1.321081;APP
6;5;6;Acapu;41.38;8;2;0.753121;APP
6;5;6;Sucupira Amarela;49.338;14;1;1.873612;AEE
6;5;6;Tachi Branco;48.383;14;2;1.801787;AEE
6;5;6;Melancieiro;45.2;18;1;2.021796;AEE
6;5;6;Matamat  branco;45.837;9;1;1.039575;AEE
6;5;6;Jatoba;61.752;19;1;3.98332;AEE
6;5;6;AmarelÆo, garapa;50.93;21;1;2.994659;AEE
6;5;6;Acapu;38.834;8;1;0.663281;AEE
6;5;6;Cumaru;69.392;8;2;2.11783;AEE
6;5;6;Acapu;40.107;12;2;1.061232;AEE
6;5;6;Angelim amargoso;70.028;24;1;6.470603;AEE
6;5;6;Abiu rosadinho;49.02;9;1;1.188973;AEE
6;5;6;Cumaru;60.479;7;3;1.407646;AEE
6;5;6;Angelim pedra;146.423;20;2;23.57403;AEE
6;5;6;Maparajuba;82.761;17;1;6.40153;AEE
6;5;6;Fava escorrega macaco;53.158;11;2;1.708889;AEE
6;5;6;Amapa amargoso;56.341;16;1;2.792253;AEE
6;5;6;Jatoba;62.07;21;1;4.448122;AEE
6;5;6;Cumaru;75.439;9;2;2.815966;AEE
6;5;6;Abiu vermelho;65.254;16;2;3.745552;AEE
6;5;6;Abiu;53.794;20;1;3.181937;AEE
6;5;6;Abiu rosadinho;65.254;12;2;2.809164;AEE
6;5;6;Matamat  branco;46.155;9;1;1.054063;APP
6;5;6;Cedrorana;71.301;20;2;5.590031;APP
6;5;6;Cajuacu;127.324;16;2;14.260283;APP
6;5;6;Inhar‚;46.155;14;2;1.639654;AEE
6;5;6;Melancieiro;52.521;14;2;2.123167;AEE
6;5;6;Acapu;52.839;13;2;1.995481;AEE
6;5;6;Ucuuba da varzea;57.296;28;1;5.053488;APP
6;5;6;Acapu;39.152;15;1;1.264124;APP
6;5;6;Acapu;45.518;15;1;1.708644;APP
6;5;6;Cupi£ba;105.042;23;2;13.952238;APP
6;5;6;Cumaru;101.859;8;2;4.563291;APP
6;5;6;Acapu;38.197;13;2;1.042783;APP
6;5;6;Acapu;36.606;10;2;0.736688;APP
6;5;6;Abiu rosadinho;50.93;21;1;2.994659;APP
6;5;6;Envira Preta;57.296;20;2;3.609634;AEE
6;5;6;Abiu;49.02;18;2;2.377947;AEE
6;5;6;Amapa amargoso;54.749;18;1;2.966317;APP
6;5;6;AmarelÆo, garapa;60.479;15;1;3.016384;AEE
6;5;6;Abiu vermelho;44.882;18;1;1.99342;AEE
6;5;6;Matamata vermelho;48.383;19;1;2.445282;AEE
6;5;6;Melancieiro;49.338;17;1;2.2751;AEE
6;5;6;Abiu vermelho;84.352;15;2;5.867744;AEE
6;5;6;Fava escorrega macaco;46.473;15;2;1.781087;AEE
6;5;6;Melancieiro;92.946;17;1;8.074261;AEE
6;5;6;Sucupira Preta;66.527;22;1;5.353076;AEE
6;5;6;Amapa amargoso;53.476;14;1;2.201075;AEE
6;5;6;Breu sucuruba;76.713;20;2;6.470715;AEE
6;5;6;Acapu;47.11;14;1;1.708204;AEE
6;5;6;Abiu;66.845;16;2;3.93049;AEE
6;5;6;Cajuacu;49.338;20;2;2.676588;AEE
6;5;6;Cupi£ba;58.887;14;2;2.669068;AEE
6;5;6;Acapu;49.02;13;2;1.717406;AEE
6;5;6;Cumaru;52.839;13;1;1.995481;AEE
6;5;6;Cupi£ba;85.944;9;2;3.654755;AEE
6;5;6;Cumaru;62.389;9;3;1.92594;AEE
6;5;6;Acapu;44.245;13;1;1.39914;AEE
6;5;6;Louro Vermelho;45.2;17;1;1.909474;AEE
6;5;6;Abiu;53.158;18;1;2.796363;AEE
6;5;6;Tauari;48.383;21;1;2.70268;AEE
6;5;6;Tachirana;50.611;18;1;2.534866;AEE
6;5;6;Tachi Preto;136.237;18;2;18.367423;AEE
6;5;6;Acapu;43.608;12;1;1.254615;AEE
6;5;6;Abiu vermelho;46.155;22;1;2.576599;AEE
6;5;6;Matamat  branco;47.746;15;2;1.880018;AEE
6;5;6;Cumaru;69.392;14;1;3.706203;AEE
6;5;6;Inhar‚;55.704;20;1;3.411884;AEE
6;5;6;Cupi£ba;130.507;20;1;18.727762;AEE
6;5;6;Louro Vermelho;54.113;19;1;3.058719;AEE
6;5;6;Abiu vermelho;114.592;15;1;10.828902;AEE
6;5;6;Abiu vermelho;76.394;23;1;7.379696;AEE
6;5;6;Fava branca;73.211;25;2;7.366884;AEE
6;5;6;Fava branca;47.11;18;2;2.196262;AEE
6;5;6;Fava branca;50.93;15;2;2.139042;AEE
6;5;6;Timborana;66.845;11;2;2.702212;AEE
6;5;6;Matamat  branco;62.07;18;2;3.812676;AEE
6;5;6;Abiu vermelho;63.662;14;2;3.119437;AEE
6;5;6;Cajuacu;45.837;22;1;2.541182;AEE
6;5;6;Abiu vermelho;124.141;24;2;20.334272;AEE
6;5;6;Matamata vermelho;45.2;17;1;1.909474;AEE
6;5;6;Matamata vermelho;47.11;19;1;2.318276;AEE
6;5;6;Tauari;66.845;23;1;5.65008;AEE
6;5;6;Cupi£ba;65.254;21;2;4.916038;AEE
6;5;6;Fava branca;46.792;19;2;2.287054;AEE
6;5;6;Acapu;36.606;12;1;0.884026;AEE
6;5;6;Acapu;63.662;17;2;3.787888;AEE
6;5;6;Maparajuba;64.935;18;2;4.172737;AEE
6;5;6;Acapu;50.293;10;1;1.3906;AEE
6;5;6;Ita£ba;63.344;18;1;3.970698;AEE
6;5;6;Tauari;62.07;20;1;4.236307;AEE
6;5;6;Acapu;61.434;16;1;3.319883;AEE
6;5;6;Matamat  preto;47.428;10;2;1.23669;AEE
6;5;6;Matamata vermelho;50.293;15;1;2.085901;AEE
6;5;6;Maparajuba;48.383;18;1;2.316583;AEE
6;5;6;Fava orelha de macaco;127.324;24;2;21.390424;AEE
6;5;6;Acapu;61.115;12;1;2.464177;AEE
6;5;6;Angelim pedra;97.085;25;2;12.954715;AEE
6;5;6;Abiu vermelho;143.239;23;3;25.944245;AEE
6;5;6;Maparajuba;57.296;14;2;2.526744;AEE
6;5;6;Seringa;48.701;18;1;2.347165;AEE
6;5;6;Pau Jacar‚;76.394;15;4;4.812846;AEE
6;5;6;Matamat  branco;62.07;17;1;3.600861;AEE
6;5;6;Cupi£ba;120.958;15;1;12.065536;AEE
6;5;6;Abiu vermelho;47.11;14;1;1.708204;AEE
6;5;6;Tachirana;66.845;22;1;5.404424;AEE
6;5;6;Cupi£ba;58.887;15;2;2.859716;AEE
6;5;6;Acapu;35.014;12;2;0.808825;AEE
6;5;6;Cupi£ba;60.479;22;2;4.42403;AEE
6;5;6;Amapa amargoso;50.293;15;2;2.085901;AEE
6;5;6;Jatoba;62.389;25;1;5.349834;AEE
6;5;6;Ananin;54.749;23;2;3.790294;AEE
6;5;7;Abiu vermelho;62.07;15;2;3.17723;AEE
6;5;7;Abiu vermelho;54.749;16;1;2.636726;AEE
6;5;7;Cupi£ba;105.042;20;1;12.132381;AEE
6;5;7;Ananin;54.113;17;1;2.736749;AEE
6;5;7;Tachi Branco;56.341;15;2;2.617737;AEE
6;5;7;Timborana;66.845;18;1;4.421802;AEE
6;5;7;Tachirana;65.254;22;2;5.150135;AEE
6;5;7;Angelim pedra;62.07;26;2;5.507199;AEE
6;5;7;Jatoba;46.473;19;1;2.256044;AEE
6;5;7;Cupi£ba;84.352;17;1;6.65011;AEE
6;5;7;Inhar‚;53.794;16;1;2.54555;AEE
6;5;7;Acapu;51.566;14;1;2.046663;AEE
6;5;7;Acapu;51.885;14;1;2.072008;AEE
6;5;7;Ma‡aranduba;57.614;16;1;2.919882;AEE
6;5;7;Inhar‚;53.794;15;2;2.386453;AEE
6;5;7;Acapu;48.701;14;1;1.825572;AEE
6;5;7;Abiu vermelho;54.431;8;3;1.303078;AEE
6;5;7;Ma‡aranduba;67.163;18;1;4.464014;AEE
6;5;7;Acapu;46.155;11;2;1.2883;AEE
6;5;7;Acapu;40.425;10;2;0.898454;AEE
6;5;7;Ananin;49.656;16;2;2.168989;AEE
6;5;7;Acapu;44.563;10;2;1.091803;AEE
6;5;7;Angelim vermelho;178.254;22;1;38.431462;AEE
6;5;7;Matamat  preto;62.07;16;1;3.389045;AEE
6;5;7;Acapu;71.62;16;1;4.512043;AEE
6;5;7;Tachi Preto;66.845;24;2;5.895736;AEE
6;5;7;Louro Vermelho;104.087;21;2;12.508435;AEE
6;5;7;Muiracatiara;45.2;26;1;2.920372;AEE
6;5;7;Matamat  preto;55.386;12;1;2.023802;AEE
6;5;7;Seringa;62.707;12;2;2.594191;AEE
6;5;7;Ma‡aranduba;57.932;17;1;3.13675;AEE
6;5;7;Tachi Branco;49.975;21;2;2.883412;AEE
6;5;7;Tauari;61.752;16;1;3.354375;AEE
6;5;7;Piquiarana;62.07;11;2;2.329969;AEE
6;5;7;Maparajuba;55.704;13;2;2.217725;AEE
6;5;7;Guajara Bolacha;63.662;17;1;3.787888;AEE
6;5;7;NI;58.887;20;2;3.812955;AEE
6;5;7;Tachirana;98.676;16;2;8.565082;AEE
6;5;7;Acapu;40.744;15;1;1.368987;AEE
6;5;7;Maparajuba;63.662;18;2;4.010705;AEE
6;5;7;Acapu;37.879;9;1;0.709945;AEE
6;5;7;Acapu;36.606;12;1;0.884026;AEE
6;5;7;Acapu;39.152;13;1;1.095574;AEE
6;5;7;Acapu;66.527;18;1;4.37979;AEE
6;5;7;Ita£ba;43.29;13;2;1.339397;AEE
6;5;7;Acapu;35.014;13;1;0.876228;AEE
6;5;7;Amapa amargoso;52.203;15;2;2.247331;AEE
6;5;7;Fava branca;59.842;20;2;3.937621;AEE
6;5;7;Louro Preto;54.113;5;3;0.804926;AEE
6;5;7;Envira Preta;51.248;16;2;2.310255;AEE
6;5;7;Fava escorrega macaco;68.118;9;2;2.295928;AEE
6;5;7;Cupi£ba;105.042;19;2;11.525762;AEE
6;5;7;Matamata vermelho;54.113;13;1;2.092808;AEE
6;5;7;Matamat  branco;50.93;16;1;2.281645;AEE
6;5;7;Abiu vermelho;61.752;16;2;3.354375;AEE
6;5;7;Maparajuba;64.299;18;1;4.09132;AEE
6;5;7;Sucupira Amarela;49.975;19;1;2.608802;AEE
6;5;7;Cupi£ba;60.479;14;1;2.815292;AEE
6;5;7;Ita£ba;57.296;22;1;3.970598;AEE
6;5;7;Sucupira tento, pele de sapo;50.93;16;1;2.281645;AEE
6;5;7;Sucupira Amarela;46.155;15;1;1.756772;AEE
6;5;7;Tauari;46.155;19;2;2.225245;AEE
6;5;7;Tauari;49.338;13;1;1.739782;AEE
6;5;7;Tauari;52.521;19;1;2.881441;AEE
6;5;7;Cajuacu;63.662;22;1;4.901972;AEE
6;5;7;Acapu;41.38;14;2;1.317962;AEE
6;5;7;Maparajuba;50.93;19;1;2.709454;APP
6;5;7;Tachi Branco;49.338;20;2;2.676588;AEE
6;5;7;Ma‡aranduba;49.338;20;1;2.676588;AEE
6;5;7;Andiroba;52.521;22;1;3.336405;AEE
6;5;7;Breu sucuruba;63.662;14;2;3.119437;APP
6;5;7;Acapu;35.014;14;1;0.94363;APP
6;5;7;Inhar‚;49.338;19;1;2.542759;APP
6;5;7;Muiracatiara;46.155;23;1;2.693717;AEE
6;5;7;Matamat  preto;46.155;12;1;1.405418;AEE
6;5;7;Fava arara tucupi;46.155;21;1;2.459481;APP
6;5;7;Maparajuba;46.155;19;2;2.225245;AEE
6;5;7;Abiu vermelho;48.383;15;1;1.930486;APP
6;5;7;Tachi Preto;55.704;14;1;2.388319;APP
6;5;7;Cumaru;127.324;25;1;22.281692;AEE
6;5;7;Seringarana;49.338;18;1;2.408929;AEE
6;5;7;Sucupira Amarela;48.383;15;2;1.930486;APP
6;5;7;Roxinho;47.746;15;3;1.880018;APP
6;5;7;Acapu;57.296;14;3;2.526744;APP
6;5;7;Louro Preto;57.296;17;2;3.068189;APP
6;5;7;Melancieiro;49.338;17;2;2.2751;APP
6;5;7;Abiu vermelho;47.746;14;2;1.754683;APP
6;5;7;Acapu;35.014;15;1;1.011032;AEE
6;5;7;Abiu vermelho;55.704;16;2;2.729507;AEE
6;5;7;Louro Pimenta;49.975;16;1;2.196886;AEE
6;5;7;Maparajuba;46.155;15;1;1.756772;APP
6;5;7;Guajara Bolacha;57.296;20;1;3.609634;AEE
6;5;7;Abiu rosadinho;45.2;12;1;1.347864;AEE
6;5;7;Sucupira Amarela;45.2;14;3;1.572508;AEE
6;5;7;Abiu rosadinho;47.746;17;1;2.130687;AEE
6;5;7;Tachi Preto;45.2;12;2;1.347864;AEE
6;5;7;Cupi£ba;57.296;19;2;3.429152;AEE
6;5;7;Abiu rosadinho;47.746;15;2;1.880018;AEE
6;5;7;Cupi£ba;95.493;20;1;10.026761;AEE
6;5;7;Paraputaca;49.338;17;2;2.2751;AEE
6;5;7;Louro Pimenta;49.338;15;2;2.007441;AEE
6;5;7;Matamat  branco;54.113;14;1;2.253793;AEE
6;5;7;Matamata vermelho;46.155;15;2;1.756772;AEE
6;5;7;Sucupira Amarela;47.746;13;2;1.629349;AEE
6;5;7;Abiu vermelho;46.155;15;2;1.756772;AEE
6;5;7;Guajara Bolacha;66.845;19;2;4.667457;AEE
6;5;7;Matamat  jiboia;49.338;18;1;2.408929;AEE
6;5;7;Louro amarelo;45.2;14;1;1.572508;AEE
6;5;7;Matamat  branco;46.155;12;2;1.405418;AEE
6;5;7;Timborana;95.493;22;1;11.029438;AEE
6;5;7;Cumaruzinho;52.521;17;2;2.578131;AEE
6;5;7;Abiu rosadinho;45.2;17;1;1.909474;AEE
6;5;7;Abiu rosadinho;45.2;15;1;1.68483;AEE
6;5;7;Amapa doce;47.746;20;1;2.50669;AEE
6;5;7;Matamat  branco;45.2;19;2;2.134118;AEE
6;5;7;Acapu;39.789;14;2;1.21853;AEE
6;5;7;Abiu vermelho;57.296;20;1;3.609634;AEE
6;5;7;Sucupira Amarela;42.972;15;2;1.522814;AEE
6;5;7;Maparajuba;48.383;22;1;2.831379;AEE
6;5;7;Maparajuba;46.155;16;1;1.87389;AEE
6;5;7;Seringarana;48.383;21;2;2.70268;AEE
6;5;7;Acapu;45.2;12;2;1.347864;AEE
6;5;7;Tachi Branco;111.408;19;1;12.96516;AEE
6;5;7;Seringarana;57.296;19;2;3.429152;AEE
6;5;7;Maparajuba;49.338;20;1;2.676588;AEE
6;5;7;Matamat  preto;55.704;11;2;1.876536;AEE
6;5;7;Guajara Bolacha;46.155;18;1;2.108127;AEE
6;5;7;Guajara Bolacha;45.2;18;1;2.021796;AEE
6;5;7;Jatoba;57.296;20;1;3.609634;AEE
6;5;7;Seringarana;46.155;22;1;2.576599;AEE
6;5;7;Acapu;35.014;14;2;0.94363;AEE
6;5;7;Seringarana;49.338;22;1;2.944247;AEE
6;5;7;Acapu;35.014;16;2;1.078434;AEE
6;5;7;Tanimbuca;52.521;21;1;3.18475;AEE
6;5;7;Abiu vermelho;46.473;16;1;1.899826;AEE
6;5;7;Cajuacu;111.408;25;1;17.05942;AEE
6;5;7;Abiu vermelho;63.662;20;1;4.456338;AEE
6;5;7;Abiu rosadinho;45.2;18;1;2.021796;AEE
6;5;7;Abiu vermelho;45.2;19;1;2.134118;APP
6;5;7;Cupi£ba;57.296;17;2;3.068189;AEE
6;5;7;Cedrorana;49.338;11;1;1.472124;AEE
6;5;7;Cumaruzinho;55.704;17;3;2.900101;APP
6;5;7;Coco pau;55.704;20;1;3.411884;APP
6;5;7;Cumaruzinho;70.028;14;3;3.774519;APP
6;5;7;Cedro;62.07;20;1;4.236307;APP
6;5;7;Cedrorana;95.493;21;2;10.5281;APP
6;5;7;Acapu;35.014;14;2;0.94363;APP
6;5;7;Cumaruzinho;55.704;15;1;2.558913;APP
6;5;7;Maparajuba;47.746;14;2;1.754683;APP
6;5;7;Melancieiro;111.408;20;2;13.647536;APP
6;5;7;Matamat  preto;48.383;15;1;1.930486;AEE
6;5;7;Cumaruzinho;53.158;15;2;2.330303;APP
6;5;7;Cumaruzinho;58.887;16;2;3.050364;APP
6;5;7;Cajuacu;117.775;23;1;17.539591;APP
6;5;7;Melancieiro;111.408;20;1;13.647536;APP
6;5;7;Tachi Branco;46.155;16;1;1.87389;APP
6;5;7;Maparajuba;47.746;23;2;2.882694;AEE
6;5;7;Angelim vermelho;127.324;25;2;22.281692;AEE
6;5;7;Acapu;50.93;15;1;2.139042;APP
6;5;7;Abiu vermelho;46.155;15;1;1.756772;APP
6;5;7;Breu sucuruba;49.338;17;2;2.2751;APP
6;5;7;Cumaruzinho;52.521;13;3;1.971512;APP
6;5;7;Cedrorana;63.662;19;1;4.233521;AEE
6;5;7;Cedrorana;62.07;21;2;4.448122;APP
6;5;7;Cumaruzinho;76.394;17;3;5.454558;APP
6;5;7;Abiu vermelho;46.155;19;3;2.225245;APP
6;5;7;Melancieiro;49.338;13;3;1.739782;APP
6;5;7;Maparajuba;55.704;22;1;3.753072;AEE
6;5;7;Angelim pedra;76.394;23;1;7.379696;AEE
6;5;7;Abiu vermelho;47.746;19;1;2.381356;AEE
6;5;7;Matamat  branco;49.338;16;1;2.141271;AEE
6;5;7;Muiracatiara;49.338;23;1;3.078076;APP
6;5;7;Acapu;45.2;16;1;1.797152;AEE
6;5;7;Cedrorana;143.239;25;1;28.200267;APP
6;5;7;Cedrorana;151.197;25;1;31.420667;APP
6;5;7;Cumaruzinho;46.155;14;1;1.639654;APP
6;5;7;Fava escorrega macaco;49.338;19;2;2.542759;APP
6;5;7;Matamat  branco;45.2;12;3;1.347864;AEE
6;5;8;Paraputaca;60.479;12;2;2.413107;APP
6;5;8;Tachirana;55.068;19;1;3.167627;APP
6;5;8;Acapu;56.659;12;2;2.117919;APP
6;5;8;Acapu;43.608;10;2;1.045513;AEE
6;5;8;Tachi Preto;93.901;17;2;8.241023;AEE
6;5;8;Acapu;35.014;10;2;0.674021;AEE
6;5;8;Acapu;44.563;13;2;1.419344;APP
6;5;8;Abiu vermelho;53.794;15;1;2.386453;APP
6;5;8;Abiu rosadinho;50.93;16;1;2.281645;AEE
6;5;8;Acapu;46.155;11;1;1.2883;AEE
6;5;8;Matamat  branco;54.113;15;2;2.414778;AEE
6;5;8;Maparajuba;56.659;15;1;2.647399;AEE
6;5;8;Acapu;38.197;8;2;0.641713;APP
6;5;8;Cajuacu;74.803;14;1;4.306773;APP
6;5;8;Cedrorana;145.468;18;2;20.940791;APP
6;5;8;Cumaru;59.524;11;3;2.142713;APP
6;5;8;Cedrorana;117.775;18;1;13.726636;APP
6;5;8;Abiu rosadinho;50.293;14;1;1.946841;AEE
6;5;8;Ita£ba;59.206;14;2;2.698001;AEE
6;5;8;Matamat  branco;47.746;13;2;1.629349;AEE
6;5;8;Maparajuba;53.158;13;1;2.019596;AEE
6;5;8;Angelim vermelho;50.93;15;2;2.139042;AEE
6;5;8;Matamat  branco;50.93;12;2;1.711234;AEE
6;5;8;Acapu;38.197;12;2;0.962569;AEE
6;5;8;Acapu;63.025;10;2;2.183829;AEE
6;5;8;Cupi£ba;85.944;14;2;5.685174;APP
6;5;8;Cajuacu;87.535;13;2;5.476422;AEE
6;5;8;Cedrorana;79.577;17;3;5.918575;AEE
6;5;8;Cajuacu;63.662;12;2;2.673803;AEE
6;5;8;Cumaru;63.662;13;2;2.89662;AEE
6;5;8;Acapu;71.62;11;1;3.102029;AEE
6;5;8;Fava atanÆ;71.301;15;1;4.192523;AEE
6;5;8;Cedrorana;89.127;20;1;8.734423;AEE
6;5;8;Acapu;50.93;10;1;1.426028;AEE
6;5;8;Maparajuba;55.704;13;2;2.217725;AEE
6;5;8;Acapu;47.746;11;2;1.37868;AEE
6;5;8;Coco pau;71.62;17;2;4.794045;AEE
6;5;8;Sucupira Preta;48.383;12;2;1.544389;AEE
6;5;8;Ita£ba;50.293;16;2;2.224961;AEE
6;5;8;Louro canela;49.02;19;2;2.510055;AEE
6;5;8;Abiu rosadinho;45.2;13;1;1.460186;AEE
6;5;8;Matamata vermelho;46.155;13;1;1.522536;AEE
6;5;8;Abiu vermelho;60.161;14;2;2.785735;AEE
6;5;8;Seringarana;51.885;16;1;2.368009;AEE
6;5;8;Envira Preta;60.479;19;2;3.820753;AEE
6;5;8;NI;57.296;12;2;2.165781;AEE
6;5;8;Abiu vermelho;63.344;17;1;3.750103;AEE
6;5;8;Seringa;45.2;17;2;1.909474;AEE
6;5;8;Abiu vermelho;50.93;13;2;1.853837;AEE
6;5;8;Uxirana;55.386;15;2;2.529752;AEE
6;5;8;Abiu rosadinho;66.845;17;2;4.176146;AEE
6;5;8;Acapu;36.606;10;1;0.736688;AEE
6;5;8;Guariuba;52.839;16;1;2.455977;AEE
6;5;8;Acapu;42.972;10;2;1.01521;AEE
6;5;8;Abiu vermelho;69.073;14;2;3.672279;AEE
6;5;8;Angelim vermelho;98.676;20;2;10.706353;AEE
6;5;8;Guariuba;81.487;15;1;5.475949;AEE
6;5;8;Acapu;76.394;13;2;4.171133;AEE
6;5;8;Jatoba;59.206;14;1;2.698001;AEE
6;5;8;Sucupira Amarela;49.338;13;2;1.739782;AEE
6;5;8;Seringa;46.155;17;2;1.991008;AEE
6;5;8;Abiu vermelho;59.206;16;1;3.08343;AEE
6;5;8;Angelim rajado;47.428;8;2;0.989352;AEE
6;5;8;Abiu rosadinho;51.885;12;2;1.776007;AEE
6;5;8;Paraputaca;63.662;12;2;2.673803;AEE
6;5;8;Abiu vermelho;68.437;11;2;2.832421;AEE
6;5;8;Abiu rosadinho;58.887;14;1;2.669068;AEE
6;5;8;Abiu vermelho;60.479;15;2;3.016384;AEE
6;5;8;Louro Preto;47.746;16;2;2.005352;AEE
6;5;8;Abiu vermelho;57.296;14;2;2.526744;AEE
6;5;8;Muiracatiara;45.518;16;2;1.822553;AEE
6;5;8;Cumaru;45.518;9;2;1.025186;AEE
6;5;8;Abiu vermelho;66.845;17;1;4.176146;AEE
6;5;8;Louro Preto;85.944;13;2;5.27909;AEE
6;5;8;Louro Preto;84.989;12;1;4.765319;AEE
6;5;8;Louro Preto;63.662;13;2;2.89662;AEE
6;5;8;Abiu vermelho;89.127;16;1;6.987539;AEE
6;5;8;Matamata vermelho;46.155;15;2;1.756772;AEE
6;5;8;Seringarana;76.394;12;2;3.850276;AEE
6;5;8;Melancieiro;89.127;13;3;5.677375;AEE
6;5;8;Breu vermelho;54.113;20;2;3.219705;AEE
6;5;8;Cupi£ba;63.344;12;1;2.647132;AEE
6;5;8;Fava orelha de macaco;62.389;12;1;2.56792;AEE
6;5;8;Cupi£ba;74.803;16;1;4.922026;AEE
6;5;8;Tauari;78.304;18;2;6.067795;AEE
6;5;8;Jatoba;66.845;16;2;3.93049;AEE
6;5;8;Abiu vermelho;54.113;13;2;2.092808;APP
6;5;8;Melancieiro;55.068;17;2;2.834192;APP
6;5;8;Cumaru;54.113;12;3;1.931823;APP
6;5;8;Paraputaca;54.749;16;2;2.636726;AEE
6;5;8;Matamat  branco;60.479;15;2;3.016384;AEE
6;5;8;Seringa;54.113;17;1;2.736749;AEE
6;5;8;Cupi£ba;66.845;14;1;3.439179;APP
6;5;8;Maparajuba;46.155;13;2;1.522536;APP
6;5;8;Seringarana;65.254;17;1;3.979649;APP
6;5;8;Acapu;45.2;14;3;1.572508;APP
6;5;8;Matamata vermelho;51.566;12;1;1.754282;APP
6;5;8;Acapu;43.927;14;1;1.485164;APP
6;5;8;Tachirana;48.383;16;2;2.059185;APP
6;5;8;Par -Par ;51.566;12;2;1.754282;APP
6;5;8;Matamata vermelho;53.158;14;2;2.174949;APP
6;5;8;Louro faia;57.296;18;1;3.248671;APP
6;5;8;Jatoba;73.211;14;1;4.125455;APP
6;5;8;Tauari;70.983;17;2;4.709197;APP
6;5;8;Abiu vermelho;63.662;14;2;3.119437;APP
6;5;8;Seringarana;70.028;20;1;5.392169;APP
6;5;8;Timborana;52.521;12;2;1.819857;AEE
6;5;8;Acapu;41.38;9;2;0.847261;AEE
6;5;8;Maparajuba;50.93;12;1;1.711234;AEE
6;5;8;Tauari;82.761;18;1;6.778091;AEE
6;5;8;Seringarana;61.752;16;2;3.354375;AEE
6;5;8;Abiu vermelho;65.89;18;1;4.296367;AEE
6;5;8;Abiu vermelho;45.2;15;2;1.68483;AEE
6;5;8;Matamat  jiboia;57.296;17;1;3.068189;AEE
6;5;8;Andiroba;54.113;22;2;3.541675;AEE
6;5;8;Cupi£ba;89.127;14;2;6.114096;AEE
6;5;8;Matamat  branco;45.2;12;2;1.347864;AEE
6;5;8;Jatoba;53.794;16;2;2.54555;AEE
6;5;8;Acapu;38.515;12;2;0.978679;AEE
6;5;8;Melancieiro;92.31;15;2;7.027089;AEE
6;5;8;Muiracatiara;60.479;22;1;4.42403;AEE
6;5;8;Matamata vermelho;70.028;13;2;3.50491;AEE
6;5;8;Acapu;36.606;12;2;0.884026;AEE
6;5;8;Angelim vermelho;70.028;18;2;4.852953;AEE
6;5;8;Maparajuba;53.476;14;1;2.201075;AEE
6;5;8;Jatoba;50.93;15;2;2.139042;AEE
6;5;8;Acapu;54.113;9;2;1.448867;AEE
6;5;8;Cupi£ba;70.028;13;2;3.50491;AEE
6;5;8;Maparajuba;50.293;16;1;2.224961;AEE
6;5;8;Maparajuba;48.383;13;2;1.673088;AEE
6;5;8;Maparajuba;56.659;16;2;2.823893;AEE
6;5;8;Ma‡aranduba;76.394;13;1;4.171133;AEE
6;5;8;Cumaru;54.113;15;2;2.414778;AEE
6;5;8;Cupi£ba;62.07;15;1;3.17723;AEE
6;5;8;Guajara Bolacha;82.761;17;1;6.40153;AEE
6;5;8;Maparajuba;76.394;16;1;5.133702;AEE
6;5;8;Acapu;43.608;12;2;1.254615;AEE
6;5;8;Cupi£ba;82.761;13;2;4.895288;AEE
6;5;8;Timborana;89.127;15;2;6.550817;AEE
6;5;8;Abiu vermelho;73.211;16;2;4.714806;AEE
6;5;8;Acapu;66.845;14;2;3.439179;AEE
6;5;8;Amapa amargoso;57.296;13;2;2.346262;AEE
6;5;8;Matamata vermelho;50.93;12;1;1.711234;AEE
6;5;8;Maparajuba;47.746;16;1;2.005352;AEE
6;5;8;Acapu;39.47;17;1;1.456064;AEE
6;5;8;Acapu;41.38;14;2;1.317962;AEE
6;5;8;Fava Bolota;65.89;11;2;2.625558;AEE
6;5;8;Acapu;50.93;11;2;1.568631;AEE
6;5;9;Matamat  jiboia;56.977;10;1;1.784819;AEE
6;5;9;Abiu vermelho;101.859;14;2;7.985758;AEE
6;5;9;Matamata vermelho;66.845;16;2;3.93049;AEE
6;5;9;Seringa;66.845;20;1;4.913113;AEE
6;5;9;Maparajuba;71.938;15;1;4.267724;AEE
6;5;9;Maparajuba;70.665;15;1;4.117991;AEE
6;5;9;Maparajuba;47.428;12;2;1.484028;AEE
6;5;9;Louro Vermelho;54.113;13;2;2.092808;AEE
6;5;9;Guajara Bolacha;81.806;14;2;5.150892;AEE
6;5;9;Acapu;41.062;10;1;0.926974;AEE
6;5;9;Acapu;50.93;13;1;1.853837;AEE
6;5;9;Angelim amargoso;70.028;16;1;4.313736;AEE
6;5;9;Cupi£ba;66.845;13;2;3.193524;AEE
6;5;9;Acapu;47.746;15;1;1.880018;AEE
6;5;9;Maparajuba;67.482;20;1;5.007142;AEE
6;5;9;Abiu rosadinho;47.746;12;2;1.504014;AEE
6;5;9;Acapu;41.38;9;2;0.847261;AEE
6;5;9;Acapu;45.518;11;2;1.253005;AEE
6;5;9;Abiu rosadinho;50.93;13;1;1.853837;AEE
6;5;9;Jatoba;50.93;14;2;1.99644;AEE
6;5;9;Par -Par ;48.701;15;2;1.955971;AEE
6;5;9;Timborana;77.349;15;2;4.933919;APP
6;5;9;Tauari;54.113;19;2;3.058719;APP
6;5;9;Breu vermelho;50.611;14;3;1.971562;APP
6;5;9;Tauari;66.845;17;1;4.176146;APP
6;5;9;Acapu;60.479;12;2;2.413107;APP
6;5;9;Louro abacate;85.944;14;2;5.685174;APP
6;5;9;Cupi£ba;82.761;15;1;5.648409;APP
6;5;9;Maparajuba;53.476;12;2;1.886635;APP
6;5;9;Matamat  branco;57.296;11;2;1.985299;APP
6;5;9;Piquia;76.394;15;1;4.812846;APP
6;5;9;Acapu;56.341;12;1;2.094189;APP
6;5;9;Ananin;45.2;16;2;1.797152;AEE
6;5;9;Cupi£ba;89.127;17;2;7.42426;AEE
6;5;9;Abiu rosadinho;47.746;14;2;1.754683;AEE
6;5;9;Breu vermelho;56.341;13;2;2.268705;AEE
6;5;9;Matamat  branco;92.31;14;2;6.558616;AEE
6;5;9;Piquia;183.665;15;1;27.81833;AEE
6;5;9;Louro Preto;49.656;12;2;1.626742;AEE
6;5;9;Muiracatiara;70.028;19;4;5.122561;AEE
6;5;9;Abiu rosadinho;55.704;15;2;2.558913;AEE
6;5;9;Piquia;98.676;11;2;5.888494;AEE
6;5;9;Cupi£ba;70.028;10;2;2.696085;AEE
6;5;9;Maparajuba;58.887;10;1;1.906477;AEE
6;5;9;Guajara Bolacha;53.158;14;1;2.174949;AEE
6;5;9;Cupi£ba;83.397;16;2;6.118018;AEE
6;5;9;Fava branca;94.22;12;2;5.856698;AEE
6;5;9;Muiracatiara;64.299;19;1;4.318615;AEE
6;5;9;Cupi£ba;52.521;14;1;2.123167;AEE
6;5;9;Cupi£ba;83.716;15;1;5.779509;AEE
6;5;9;Piquia;54.113;14;2;2.253793;AEE
6;5;9;Ananin;52.839;18;2;2.762974;AEE
6;5;9;NI;82.761;17;2;6.40153;AEE
6;5;9;Abiu rosadinho;60.479;15;1;3.016384;AEE
6;5;9;Cumaru;73.211;15;1;4.420131;AEE
6;5;9;Melancieiro;49.338;13;2;1.739782;AEE
6;5;9;Louro Vermelho;92.31;15;2;7.027089;AEE
6;5;9;Muiracatiara;76.394;19;2;6.096271;AEE
6;5;9;Acapu;39.152;15;2;1.264124;AEE
6;5;9;Louro Preto;76.394;15;2;4.812846;AEE
6;5;9;Angelim pedra;47.746;16;2;2.005352;AEE
6;5;9;Cajuacu;77.986;18;1;6.018564;AEE
6;5;9;Cupi£ba;98.676;19;1;10.171035;AEE
6;5;9;Jatoba;58.887;17;2;3.241011;AEE
6;5;9;Seringarana;65.572;18;1;4.254957;AEE
6;5;9;Maparajuba;70.028;19;1;5.122561;AEE
6;5;9;Jatoba;82.761;18;1;6.778091;AEE
6;5;9;Maparajuba;70.983;19;1;5.26322;AEE
6;5;9;Maparajuba;54.749;19;1;3.131112;AEE
6;5;9;Cupi£ba;85.307;20;1;8.001801;AEE
6;5;9;Angelim vermelho;114.592;18;2;12.994683;AEE
6;5;9;Maparajuba;70.028;19;2;5.122561;AEE
6;5;9;Muiracatiara;63.662;22;1;4.901972;AEE
6;5;9;Melancieiro;57.296;19;2;3.429152;AEE
6;5;9;Melancieiro;50.93;17;2;2.424248;AEE
6;5;9;Acapu;55.704;14;2;2.388319;AEE
6;5;9;Ucuubarana;85.944;19;2;7.715593;AEE
6;5;9;Cupi£ba;70.028;20;1;5.392169;AEE
6;5;9;Breu vermelho;46.473;15;1;1.781087;AEE
6;5;9;Abiu vermelho;70.028;19;1;5.122561;AEE
6;5;9;Acapu;52.521;15;1;2.274821;AEE
6;5;9;Acapu;47.746;12;2;1.504014;AEE
6;5;9;Acapu;50.93;12;2;1.711234;AEE
6;5;9;Acapu;50.93;13;1;1.853837;AEE
6;5;9;NI;70.028;16;2;4.313736;AEE
6;5;9;Timborana;70.028;15;2;4.044127;AEE
6;5;9;Abiu rosadinho;60.479;14;1;2.815292;AEE
6;5;9;Melancieiro;82.761;18;2;6.778091;AEE
6;5;9;Louro Preto;55.704;15;1;2.558913;AEE
6;5;9;Maparajuba;76.713;19;1;6.147179;AEE
6;5;9;Matamata vermelho;52.839;14;1;2.14898;AEE
6;5;9;Murur‚;76.394;19;1;6.096271;AEE
6;5;9;Acapu;43.608;11;2;1.150064;AEE
6;5;9;Muiracatiara;49.02;16;2;2.11373;AEE
6;5;9;Angelim amargoso;84.352;19;2;7.432476;AEE
6;5;9;Timborana;55.704;14;2;2.388319;AEE
6;5;9;Tachi Preto;54.113;17;2;2.736749;AEE
6;5;9;Maparajuba;51.885;14;2;2.072008;AEE
6;5;9;Angelim pedra;97.085;20;2;10.363772;AEE
6;5;9;Maparajuba;48.383;18;1;2.316583;AEE
6;5;9;Angelim vermelho;149.606;13;2;15.996584;AEE
6;5;9;Melancieiro;76.394;17;2;5.454558;AEE
6;5;9;Muiracatiara;66.845;20;1;4.913113;AEE
6;5;10;Angelim vermelho;159.155;12;4;16.711269;AEE
6;5;10;Fava branca;47.428;15;2;1.855034;AEE
6;5;10;Sucupira Amarela;49.02;18;2;2.377947;AEE
6;5;10;Timborana;89.127;13;2;5.677375;AEE
6;5;10;Abiu vermelho;64.617;18;1;4.131928;AEE
6;5;10;Guajara Bolacha;89.127;17;2;7.42426;AEE
6;5;10;Seringarana;52.521;12;2;1.819857;AEE
6;5;10;Louro abacate;101.859;14;2;7.985758;AEE
6;5;10;Cumaru;63.662;10;3;2.228169;AEE
6;5;10;Timborana;48.701;13;2;1.695174;AEE
6;5;10;Maparajuba;55.704;14;2;2.388319;AEE
6;5;10;Fava branca;66.845;20;2;4.913113;AEE
6;5;10;Cajuacu;90.4;17;2;7.637897;AEE
6;5;10;Maparajuba;70.028;14;1;3.774519;AEE
6;5;10;Abiu rosadinho;70.028;17;1;4.583344;AEE
6;5;10;Seringarana;74.803;17;1;5.229652;AEE
6;5;10;Abiu rosadinho;66.845;18;1;4.421802;AEE
6;5;10;Maparajuba;47.746;16;1;2.005352;AEE
6;5;10;Maparajuba;57.296;16;1;2.887707;AEE
6;5;10;Timborana;57.296;12;2;2.165781;AEE
6;5;10;Seringarana;56.341;19;1;3.3158;AEE
6;5;10;Sucupira Amarela;50.93;11;2;1.568631;AEE
6;5;10;Muiracatiara;76.394;20;1;6.417127;AEE
6;5;10;Melancieiro;73.848;14;2;4.197514;AEE
6;5;10;Amapa doce;101.859;17;1;9.696992;AEE
6;5;10;Ip‚ Amarelo;50.93;14;2;1.99644;AEE
6;5;10;Cumaru;53.476;10;2;1.572196;AEE
6;5;10;Melancieiro;89.127;17;2;7.42426;AEE
6;5;10;Ucuubarana;60.479;15;2;3.016384;AEE
6;5;10;Maparajuba;60.479;16;2;3.217476;AEE
6;5;10;Ma‡aranduba;82.761;15;1;5.648409;AEE
6;5;10;Cupi£ba;59.524;12;2;2.337505;AEE
6;5;10;Jatoba;58.251;15;2;2.798218;AEE
6;5;10;Maparajuba;76.394;14;2;4.491989;AEE
6;5;10;Acapu;60.479;12;2;2.413107;AEE
6;5;10;Andiroba;70.028;13;2;3.50491;AEE
6;5;10;Andiroba;57.296;13;2;2.346262;AEE
6;5;10;Maparajuba;45.2;12;2;1.347864;AEE
6;5;10;Copaiba;60.479;17;2;3.418569;AEE
6;5;10;Maparajuba;55.386;16;1;2.698402;AEE
6;5;10;Maparajuba;57.296;17;1;3.068189;AEE
6;5;10;Maparajuba;47.746;19;2;2.381356;AEE
6;5;10;Fava branca;57.296;18;2;3.248671;AEE
6;5;10;Matamat  jiboia;59.524;19;1;3.70105;AEE
6;5;10;Cumaru;63.662;11;2;2.450986;AEE
6;5;10;Acapu;44.563;11;1;1.200983;AEE
6;5;10;Maparajuba;66.845;17;2;4.176146;AEE
6;5;10;Muiracatiara;63.662;19;2;4.233521;AEE
6;5;10;Tachi Branco;89.127;17;2;7.42426;AEE
6;5;10;Muiracatiara;55.704;18;2;3.070696;APP
6;5;10;Sucupira Preta;64.935;18;2;4.172737;APP
6;5;10;Acapu;47.746;11;2;1.37868;APP
6;5;10;Ananin;58.569;19;1;3.583253;APP
6;5;10;Cupi£ba;89.127;16;1;6.987539;APP
6;5;10;Louro abacate;57.296;12;2;2.165781;APP
6;5;10;Tachi Preto;63.025;13;2;2.838977;AEE
6;5;10;Acapu;43.927;12;1;1.272998;AEE
6;5;10;Timborana;92.31;14;4;6.558616;AEE
6;5;10;Acapu;44.563;12;1;1.310163;AEE
6;5;10;Acapu;52.521;14;2;2.123167;AEE
6;5;10;Acapu;56.341;14;2;2.443221;AEE
6;5;10;Acapu;58.887;13;2;2.47842;AEE
6;5;10;Timborana;70.028;17;1;4.583344;AEE
6;5;10;Muiracatiara;71.62;19;1;5.358051;AEE
6;5;10;Ita£ba;61.752;14;2;2.935078;AEE
6;5;10;Maparajuba;45.518;13;1;1.480825;AEE
6;5;11;Acapu;73.848;13;2;3.897692;AEE
6;5;11;Timborana;85.944;17;2;6.903425;AEE
6;5;11;Muiracatiara;78.941;20;1;6.852066;AEE
6;5;11;Maparajuba;75.439;15;2;4.693276;AEE
6;5;11;Maparajuba;65.254;12;1;2.809164;AEE
6;5;11;Maparajuba;63.662;17;1;3.787888;AEE
6;5;11;Sucupira Preta;52.839;19;2;2.916473;AEE
6;5;11;Cupi£ba;82.761;15;1;5.648409;AEE
6;5;11;Acapu;63.662;16;1;3.565071;AEE
6;5;11;Maparajuba;46.792;14;1;1.685198;AEE
6;5;11;Seringarana;70.028;20;1;5.392169;AEE
6;5;11;Tachi Branco;82.761;12;2;4.518727;AEE
6;5;11;Acapu;45.2;12;1;1.347864;AEE
6;5;11;Tauari;58.569;20;1;3.771845;AEE
6;5;11;Cupi£ba;82.761;15;2;5.648409;AEE
6;5;11;Tauari;79.577;18;2;6.266726;AEE
6;5;11;Matamat  preto;63.662;16;1;3.565071;AEE
6;5;11;Acapu;50.93;11;1;1.568631;APP
6;5;11;Fava branca;57.296;12;1;2.165781;APP
6;5;11;Sucupira Amarela;57.932;18;1;3.321264;APP
6;5;11;Timborana;89.127;13;1;5.677375;APP
6;5;11;Tachi Branco;73.211;15;1;4.420131;APP
6;5;11;Tachi Preto;70.028;12;1;3.235302;AEE
6;5;11;Seringa;47.746;15;1;1.880018;APP
6;5;11;Cajuacu;65.254;19;1;4.447844;APP
6;5;11;Acapu;54.113;14;1;2.253793;AEE
6;5;11;Ita£ba;50.93;16;1;2.281645;AEE
6;5;11;Maparajuba;56.341;14;2;2.443221;AEE
6;5;11;Fava orelha de macaco;73.211;13;3;3.83078;AEE
6;5;11;Cupi£ba;54.113;10;1;1.609852;AEE
6;5;11;Fava branca;46.473;16;2;1.899826;AEE
6;5;11;Cupi£ba;70.028;17;1;4.583344;AEE
6;5;11;Guajara Bolacha;76.394;15;2;4.812846;AEE
6;5;11;Maparajuba;54.113;16;1;2.575764;AEE
6;5;11;Guajara Bolacha;93.265;18;2;8.607874;AEE
6;5;11;Andiroba;54.113;12;2;1.931823;AEE
6;5;11;Maparajuba;57.296;14;2;2.526744;AEE
6;5;11;Tachi Branco;57.296;12;2;2.165781;AEE
6;5;11;Acapu;50.93;13;2;1.853837;AEE
6;5;11;Maparajuba;54.113;16;2;2.575764;AEE
6;5;11;Maparajuba;59.206;16;1;3.08343;AEE
6;5;11;Angelim pedra;111.408;18;2;12.282783;AEE
6;5;11;Cajuacu;82.761;19;1;7.154651;AEE
6;5;11;Marupa;81.169;17;2;6.157685;AEE
6;5;11;Cupi£ba;66.845;14;2;3.439179;AEE
6;5;11;Acapu;44.563;10;1;1.091803;AEE
6;5;11;Louro Preto;57.296;10;2;1.804817;AEE
6;5;11;Ma‡aranduba;57.296;19;1;3.429152;AEE
6;5;11;Guajara Bolacha;79.577;17;1;5.918575;AEE
6;5;11;Amapa amargoso;57.296;14;2;2.526744;AEE
6;5;11;Piquia;53.476;12;2;1.886635;AEE
6;5;11;Maparajuba;58.887;18;1;3.431659;AEE
6;5;11;Guajara Bolacha;82.761;17;2;6.40153;AEE
6;5;11;Cupi£ba;50.611;12;1;1.68991;AEE
6;5;11;Louro Vermelho;58.887;15;1;2.859716;AEE
6;5;11;Muiracatiara;62.707;19;1;4.107468;AEE
6;5;11;Timborana;73.211;17;1;5.009481;AEE
6;5;11;Jatoba;87.535;17;1;7.161475;AEE
6;5;11;Sucupira Amarela;50.611;19;2;2.675691;AEE
6;5;11;Cumaru;85.307;17;2;6.801531;AEE
6;5;11;Amapa doce;100.586;19;1;10.568563;AEE
6;5;11;Ita£ba;52.521;14;2;2.123167;AEE
6;5;11;Fava branca;66.845;16;2;3.93049;AEE
6;5;11;Louro abacate;114.592;17;1;12.272756;AEE
6;5;11;Oiticica;60.479;20;2;4.021845;AEE
6;5;11;Pau Jacar‚;45.518;16;1;1.822553;AEE
6;5;11;Melancieiro;57.296;14;2;2.526744;AEE
6;5;11;Fava atanÆ;60.479;14;3;2.815292;AEE
6;5;11;Cupi£ba;70.028;15;2;4.044127;AEE
6;5;11;Maparajuba;90.4;18;1;8.087185;AEE
6;5;11;Angelim pedra;119.048;17;1;13.245864;AEE
6;5;11;Cupi£ba;78.941;14;1;4.796446;AEE
6;5;11;Tachirana;46.473;13;2;1.543609;AEE
6;5;11;Sucupira tento, pele de sapo;53.158;15;1;2.330303;AEE
6;5;11;Tachirana;54.113;16;1;2.575764;AEE
6;5;11;Timborana;85.944;16;2;6.497341;AEE
6;5;11;Maparajuba;63.662;16;1;3.565071;AEE
6;5;11;Seringa;54.113;17;1;2.736749;AEE
6;5;11;Tanimbuca;71.62;16;1;4.512043;AEE
6;5;11;Cupi£ba;72.256;12;2;3.44446;AEE
6;5;11;Cupi£ba;82.761;16;2;6.024969;AEE
6;5;11;Fava escorrega macaco;58.887;17;2;3.241011;AEE
